Date,Open,High,Low,Close
25/02/14,173.2,173.84343,101.62872,135
24/02/14,314.99996,316.78999,131.72093,173.871
23/02/14,260.70495,348.98,220.1,309.99971
22/02/14,111,290.52557,96.6345,255.53
21/02/14,111.61995,160,91.5,111.4
20/02/14,264.328,271.43,109,111.697
19/02/14,293.6,308.49,257.10001,261.37833
18/02/14,280,370,248.14826,293.8
17/02/14,299.72277,411,263.101,272
16/02/14,371,540,220.29327,299.72277
15/02/14,427.52,447.87999,310,371
14/02/14,451.121,499.89,302,427.52
13/02/14,540.03697,549,451.1,451.17
12/02/14,578,585,511.77,531
11/02/14,582.54,609.4949,550,578.78
10/02/14,663.29499,700,500,582.54
09/02/14,658.81324,693.99999,622.4189,659.49776
08/02/14,685.22,719.24999,632.01101,648.71427
07/02/14,827,833.14499,651.70976,695.61818
06/02/14,904.70001,909,801,828.99999
05/02/14,926.97999,939.93,890.1731,904.67
04/02/14,933.85401,949.457,901.0321,926.97999
03/02/14,954,960,932.05,932.05
02/02/14,949.46534,960,935.0001,954
01/02/14,949.98,969.3999,928,940.6
31/01/14,942.10001,955.183,925,939.27508
30/01/14,931.99954,953.97898,910.11,942.10001
29/01/14,933.5,950.99999,919.3,926.13124
28/01/14,944,973,912.02001,933.00003
27/01/14,1007.09456,1022,937.67,944
26/01/14,963.93,1038.15894,950.73,1007.09456
25/01/14,924.97987,978.6,916.01,961.23871
24/01/14,943.50294,950,903.4,917.05879
23/01/14,951.00001,958.99999,937.12135,945
22/01/14,970.57947,974,935,951
21/01/14,959.49999,974.4,943.32,962.36655
20/01/14,954.99999,980.59324,926,956.00002
19/01/14,906,958.24,902.01,954.995
18/01/14,894.9191,925,885,906.005
17/01/14,914,930,867.43,894.4
16/01/14,948.995,956.06,911.01001,914
15/01/14,920,973.2,915.15,941.31001
14/01/14,925.9,943,905,920
13/01/14,940,949.47573,880.11,923.1001
12/01/14,1005.50001,1022.99,922.3,940
11/01/14,957.573,1011,935.13,1005.5
10/01/14,935,964.99,906,957.89998
09/01/14,933.015,964.69663,866.58247,937
08/01/14,884,966.9963,859,939
07/01/14,1012.88,1044.2,880,880
06/01/14,1015,1093.68199,965,1012.89899
05/01/14,929.89997,1029.98765,911.58,1015
04/01/14,884.88299,932.37989,848.47873,924.92499
03/01/14,859,888.8,840,884.888
02/01/14,812.58795,886.31309,810.5601,857
01/01/14,806.01002,830,771,815.995
31/12/13,804.87492,813.99999,777,806.00503
30/12/13,789.995,818.888,781,804.87996
29/12/13,767,804,735,785.00501
28/12/13,803.23,806,715.6,762.005
27/12/13,807,837,768,803.23
26/12/13,707.3,829.8,707.3,802.11
25/12/13,696.86,710,674,707.3
24/12/13,716.99999,729.99174,666.01,702.8
23/12/13,639.47998,725,631.00001,713.34506
22/12/13,636.09001,700,615,639.48
21/12/13,649.393,689.99,610,640.5
20/12/13,730,774.47,621.25001,650
19/12/13,541.21,746,522.44,731.98999
18/12/13,715,717.015,455,541.00001
17/12/13,760,780,678.8904,715
16/12/13,916,925,714.11,760
15/12/13,900.005,928,838.0201,920
14/12/13,943.39623,948,875.13535,908.98998
13/12/13,899.9999,990,882.15864,936.87547
12/12/13,908.00003,941,839.5,899.9999
11/12/13,1026.00001,1056.9,856.123,920
10/12/13,915.935,1067.99999,912,1033.975
09/12/13,810.98,980.17661,787.75,918.99
08/12/13,693.25256,829,653.0001,804.00001
07/12/13,846,895.89,576,696.99999
06/12/13,1106.899,1118.989,800,845
05/12/13,1230.005,1240,870.001,1106.4345
04/12/13,1155,1240,1131.72718,1237.955
03/12/13,1099.9,1185.77338,1065,1155
02/12/13,1005,1117.79999,975,1096.63251
01/12/13,1206.00001,1216.9,840.32,1004.42392
30/11/13,1205,1233,1150.25,1205.8
29/11/13,1101.42,1242,1050,1206.97761
28/11/13,1087.94315,1224.59998,1032.15,1101.47497
27/11/13,970,1094.794,914.31556,1080
26/11/13,829.995,975,825.1,970
25/11/13,795.00166,850,758.95852,830
24/11/13,839.99,855,745.2,795
23/11/13,802,889.99999,799.60484,832.524
22/11/13,768.99999,821.999,682.3,802
21/11/13,630.12001,784.4444,595.21,765.10001
20/11/13,643.00001,650,453.29,638
19/11/13,785.50007,900.97998,502.6212,645.71675
18/11/13,528,788,522,785.50007
17/11/13,458.95149,536.777,457,528.31991
16/11/13,434,477,428.01172,461.9999
15/11/13,433.4,458,413.05,434
14/11/13,434.87499,447.49999,402.54,433.4
13/11/13,380.25003,445,372.183,434.87999
12/11/13,362.99999,391.52574,359.02,380.1
11/11/13,341.0302,376,321.41,363
10/11/13,365.12,372.5,290,336.33101
09/11/13,355.06361,395,340,367.8
08/11/13,309.99999,358,308.01001,355
07/11/13,264.11,324.198,263.60001,309.659
06/11/13,251.4134,272.52,251.4134,264.1
05/11/13,238.19039,258.87626,229,251.3
04/11/13,224.7,239.02,222,238.19039
03/11/13,212.2,226.959,212.105,224.01001
02/11/13,213.50003,214.87996,211.02,211.70001
01/11/13,211.20177,215,209.76,213.5
31/10/13,206,215,205.43565,211.1714
30/10/13,215.502,216.5,204,208
29/10/13,207.5,216.5,204.20001,216
28/10/13,207.5,209.79,200.42,206.9
27/10/13,189.92363,207.9,189,207.0001
26/10/13,197.19879,198.42679,187,188.56002
25/10/13,206.985,209,176.60399,197.90999
24/10/13,227.99997,233.4,175.30001,206.995
23/10/13,203.99829,228,200.75,228
22/10/13,192.795,205.5,192.795,203
21/10/13,186.12,197.39005,183.2,192.795
20/10/13,180.80004,186.12,177.25,186.12
19/10/13,168.2,195.83267,167.1,183.17999
18/10/13,158.25323,168.3,156.5,168.3
17/10/13,151.645,159.95,150.75471,157.60001
16/10/13,158.1,163,144.20004,152.83
15/10/13,150.6295,158.1,150.628,158.1
14/10/13,147.53,153.69902,146.03267,151.38003
13/10/13,142.61096,147.65,141.50021,147.53
12/10/13,141.7929,143.0571,139.4,142.89995
11/10/13,141.41,141.85,138.87001,140.1
10/10/13,139.42001,141.69,138.51,140.41013
09/10/13,136.50998,142.1,135.8,139.5
08/10/13,136.82274,137.79499,135.66,136.50002
07/10/13,137.01002,139,135.12,135.80001
06/10/13,136.73026,138,134.1,137.8
05/10/13,136.82222,138,135.3,136.69511
04/10/13,130.97902,139.8,128.5,136.82222
03/10/13,123,132,120.1,130.98925
02/10/13,140.30001,141.92999,109.7,123
01/10/13,143.28122,144.44,139.41,140.3
30/09/13,143.89402,145.81,138.12,141.8965
29/09/13,142.49,145.81,141.36005,143.88402
28/09/13,138.93,143,138.02021,142.5
27/09/13,135.85005,142.66,134.82811,138.93
26/09/13,135.00135,139,134.71,137.10002
25/09/13,134.77898,138,134.7,135
24/09/13,133.4,136.59141,132.5,134.7788
23/09/13,134.9,135,132,133.4
22/09/13,134.33795,135,131,134.00001
21/09/13,133.80726,135.99,132,134.38
20/09/13,135.89477,137.28,131,133.80726
19/09/13,140.41234,141.2,131.14,135.05037
18/09/13,139.15002,142,139.01001,140.41238
17/09/13,139.01,141.37,138,139.15001
16/09/13,138.4,142.23,137.9,139.41938
15/09/13,136.71627,141,135.04,138.3002
14/09/13,140.66,142,136.5,136.7149
13/09/13,138.37013,145.60414,137.82,140.66
12/09/13,142.1,145.51679,137.51,139.35499
11/09/13,132.61636,145.9,127.5,142.1
10/09/13,133.1,136.02,131.375,132.61636
09/09/13,126.31502,137.48007,124,133.1
08/09/13,128.5,129.86999,124.06,126.31501
07/09/13,122.41,131.02499,121.25,128.99496
06/09/13,131.65,133.99999,121.9,121.9
05/09/13,132.51,137.97,127.24164,130.20002
04/09/13,144,145.8,130.08998,132.51
03/09/13,144,148.90893,142.2,144
02/09/13,146.01005,148.5,142.11,144
01/09/13,141,147.29,141,146.01003
31/08/13,138.03002,148.7,135.89,141
30/08/13,129.30033,142.76173,128.56,138.03002
29/08/13,128.57206,131.2,128.18,129.30034
28/08/13,130.20501,131.72442,128.02,128.76
27/08/13,120.1,133,120,131.295
26/08/13,122.111,122.96996,119.91611,120.07
25/08/13,119.60255,122.99,119.14,122.11102
24/08/13,118.51003,121.39,118.02,119.60255
23/08/13,121.99993,122,118.444,118.51002
22/08/13,123.13496,124.49,120.54,121.99994
21/08/13,121.20003,125,119.68162,123.30002
20/08/13,119,123.01111,116.817,121.20001
19/08/13,113.395,123.74518,111.771,118.50203
18/08/13,112.76,114.69,112,113.38
17/08/13,108.99499,114,108.225,112.75
16/08/13,109.10523,112.3,108.21,108.99438
15/08/13,112.56206,113.321,108.78,109.99497
14/08/13,109.42519,115,108,112.56205
13/08/13,106.98999,109.64,104.5,109.6
12/08/13,105,108.121,103.5,106.81349
11/08/13,102.99999,105.19,102.7,105
10/08/13,102.38002,103.89999,102.38001,102.99999
09/08/13,103.07,105.78999,101.935,102.8
08/08/13,105.98992,106.65,100.95969,103.05
07/08/13,106.5564,106.96,105.22,105.98993
06/08/13,106.22002,107.5,105.11111,106.55641
05/08/13,105.12,107.77,105,106.72001
04/08/13,104.9,106,103.50108,105.12
03/08/13,104.6,105.8852,102,104.95
02/08/13,104.62049,108,101.21111,104.50102
01/08/13,106.22691,108,103,104
31/07/13,107.26367,111.65202,103.55,106.21188
30/07/13,101.21001,107.99,100.47,107.96
29/07/13,98.78009,102.85,98.45,101.484
28/07/13,94.2,100.5771,94,98.78002
27/07/13,96.02015,97,93,94.4
26/07/13,96.99997,97.476,96,96.02015
25/07/13,95.09,97.4767,93.57,96.95
24/07/13,95.61155,95.99,92.3,95.08999
23/07/13,91.601,97.13124,91.60001,95.55851
22/07/13,91.98,92,89.8,91.601
21/07/13,89.94998,92,88,91.998
20/07/13,92,93.10072,89.27,89.82138
19/07/13,90.08,95.2001,87.6,92
18/07/13,98.50002,98.8,86.2,90.06889
17/07/13,96.97,100,96.18,98.50001
16/07/13,98.89999,100.7319,96,97.1
15/07/13,94.33999,101.94,93.11,98.89028
14/07/13,98.32,99,92.86,94.41986
13/07/13,93.98994,98.32,87.76404,98.32
12/07/13,88.97901,104.17188,88,93.98994
11/07/13,87.94636,90.7,85.00001,88.97901
10/07/13,76.7,89.84,75.53,88
09/07/13,76.00101,78.3,72.51,76.7
08/07/13,76.5,80,72.46,76.00003
07/07/13,69.66206,77,66.60001,76.5
06/07/13,68.88997,74.99997,66.8119,69.655
05/07/13,80.04214,80.60299,65.42448,68.50001
04/07/13,78.20001,84.27001,72,80.03565
03/07/13,90.04007,91.2,76,78.89
02/07/13,88.04,92.57,87.51,90.40502
01/07/13,97.50888,98.1801,86.011,88.05
30/06/13,94.999,98.12228,93.85,97.51
29/06/13,94.7,100.4398,93,94.999
28/06/13,101.60626,101.78799,92.25,94.66
27/06/13,103.99999,104,100.055,101.73678
26/06/13,103.84,105.4899,101.8322,104
25/06/13,102.97996,109.98,100,103.32933
24/06/13,107.60002,108.334,100.761,102.09
23/06/13,108.00003,109,106.19675,107.90001
22/06/13,108.9,109.95653,107.5111,108.2
21/06/13,111.09999,115.005,107.56,109.5
20/06/13,108.25,114.48,107.12222,111.29
19/06/13,107.05,110.9863,104.6603,108.251
18/06/13,101.95,113.3,101.03311,107.34998
17/06/13,99.9,102.4,98.9,101.95
16/06/13,99.79,101.7499,98.90017,99.9
15/06/13,99.99999,103.7,97.5,99.8
14/06/13,103.94895,104.7,97.1,100
13/06/13,109.14444,110.3,100.3,103.949
12/06/13,109,112.25,106,108.77592
11/06/13,106.10002,109.6,103.23021,109
10/06/13,101,110.63051,95,106.35001
09/06/13,107.89611,108.99,88,100.43743
08/06/13,112.12,113.1862,107,107.89242
07/06/13,118.02768,119.13333,106.15,111
06/06/13,121.9,123.29999,117,118.9699
05/06/13,121.39997,123.5,119.5,121.90001
04/06/13,121.21357,123.99,118.78525,121.39997
03/06/13,122.49962,122.78483,115.111,120.73716
02/06/13,129.2981,130.1,115,122.5
01/06/13,128.82506,129.78999,127.10001,129.3
31/05/13,128.8,130,126.33,128.81505
30/05/13,132.25,132.4,126.5,128.79901
29/05/13,128.99901,132.71988,127.6,132.25
28/05/13,129.76994,130.62998,125.4,128.99996
27/05/13,133.5,135.47,124,129.76999
26/05/13,131.986,136,130.61,133.5
25/05/13,133.4,133.5,128.2,131.986
24/05/13,126.3,133.98,125.35502,133.1
23/05/13,123.80001,126.93446,123,126.3
22/05/13,122.89001,124.5,122,123.8
21/05/13,121.99999,123.08085,121.1,122.89001
20/05/13,122.5,123.69,120.1,122.02
19/05/13,123.25,124.50101,119.5,122.5
18/05/13,123.5,125.31189,122.25,123.211
17/05/13,118.21,125.5555,116.5712,123.49997
16/05/13,114.22,118.96999,112.1,118.21
15/05/13,111.29998,116.44,103.01847,114.22
14/05/13,117.97968,119.80002,109.42198,111.4
13/05/13,114.82,118.88,114.5002,117.97968
12/05/13,115.65,117.47,112.4,114.82002
11/05/13,117.59001,118.74,113,115.64
10/05/13,112.799,122.5,111.54,117.7
09/05/13,113.48999,113.71852,108.8,112.799
08/05/13,109.69773,116.777,109.5,113.2
07/05/13,112.245,114,97.52,109.60013
06/05/13,115.9372,124.9,106.01,112.25
05/05/13,112.9,118.85,107,115.98
04/05/13,98.10246,116.3,92,112.9
03/05/13,106.5,109,79,98.1
02/05/13,116.37999,126.9,91.11,106.25
01/05/13,139.00004,140.06,104,116.37999
30/04/13,143.80001,146.93,134,139.2269
29/04/13,134.4,149.08,133,143.99991
28/04/13,128.00011,136.68,127.5,134.44444
27/04/13,136.89,139.88,122.71,128.00011
26/04/13,141.71001,144.987,121.45164,136.90001
25/04/13,154.9,162,120.089,141.71002
24/04/13,143.476,166.43438,140.96635,154.2
23/04/13,127.39999,144.019,124.97,143.475
22/04/13,118.5,127.39999,118.5,127.39999
21/04/13,126.61553,130.49979,110,119.2
20/04/13,118.48001,132,115,126.61552
19/04/13,109.15263,136.4321,105.54,118.48
18/04/13,93.07,112.99999,86,109.01
17/04/13,68.49,98.77799,63.3,93.07
16/04/13,82.5,84.5,50.01,68.35568
15/04/13,90,102,71.51,82.38601
14/04/13,93,109.998,84.43689,89.99999
13/04/13,117,130,85.5,93
12/04/13,124.9,140,54.25,117
11/04/13,166.48159,188.7,110.20003,124.9
10/04/13,230.04359,266,105,165
09/04/13,186.5,240.111,186.5,230
08/04/13,163.83899,194.9,162.59806,187.5
07/04/13,142.63113,164.9,142.63113,162.30102
06/04/13,142.05001,143.9,139.54,142.63112
05/04/13,132.79998,144.94,130.24303,142.32356
04/04/13,135,142.12,116.39063,132.12001
03/04/13,118,147,110,135
02/04/13,104.00001,118.36,99,117.98
01/04/13,93.25,106,92.2361,104
31/03/13,92.19003,93.8,91,93.03001
30/03/13,90.46598,94.98,87,92.19003
29/03/13,86.18,93.06,83.01,90.5
28/03/13,88.8,95.7,75.00111,86.18
27/03/13,78.74999,89.49999,78.4,88.92
26/03/13,73.58561,79.72001,73.11,78.5
25/03/13,71.50001,78,69.51777,73.6
24/03/13,64.35001,72.49999,62.7,71.5
23/03/13,70.28001,70.5025,52.3456,64.35
22/03/13,70.84,73.74999,65,69.86501
21/03/13,64.4888,74.9,63.101,70.85
20/03/13,59.14001,66,57.702,64.4888
19/03/13,51.60001,62,50,59.14001
18/03/13,47.4,52.875,47.12009,51.60001
17/03/13,47.00019,47.74,46.8,47.4
16/03/13,46.86012,47.3599,46.2707,47.00019
15/03/13,47.0333,47.44999,46.4,46.95
14/03/13,46.92006,47.99,46.05,47.1696
13/03/13,44.33,47.295,43.7508,46.92002
12/03/13,48.39999,48.39999,36.65,44.28994
11/03/13,46,48.469,45.54,48.39999
10/03/13,46.61,47.95,45.471,46
09/03/13,44.17999,46.99,43.411,46.85
08/03/13,41.99999,44.5,41.02,44.17999
07/03/13,41.0201,45.5,33.3,41.99999
06/03/13,40.22994,49.099,40.1446,41.0201
05/03/13,36.152,40.64625,36.15,40.33
04/03/13,34.49999,36.7,34.19,36.152
03/03/13,34.2489,34.5,33.8,34.49999
02/03/13,34.5,34.808,33.15,34.25
01/03/13,33.37999,34.9,32.92,34.5
28/02/13,31.25997,34.51541,30.902,33.38
27/02/13,31.19999,31.65,30.7901,30.9012
26/02/13,30.39991,31.699,30.1171,31.1
25/02/13,29.89,30.4,29.55,30.39999
24/02/13,29.79999,30.39877,29.20123,29.88999
23/02/13,30.24539,30.6899,28,29.79999
22/02/13,29.75,31.3,29.67001,30.24539
21/02/13,29.64501,29.978,29.311,29.74768
20/02/13,29.41759,29.87035,28.98839,29.64501
19/02/13,26.95,29.65,26.8,29.41759
18/02/13,26.89999,27.148,26.36268,26.95
17/02/13,27.386,27.39989,25,26.8146
16/02/13,27.1,27.49989,26.8075,27.21584
15/02/13,27.24997,27.50617,26.103,27.1
14/02/13,24.2,27.5969,21.721,27.2205
13/02/13,25.19,26.3,24.19491,24.2
12/02/13,24.38651,25.82767,24.3001,25.16975
11/02/13,23.96975,24.67503,23.6456,24.65
10/02/13,23.8,24.11,22.67,23.96975
09/02/13,22.66,23.98961,22.57541,23.65
08/02/13,22.11001,22.77219,22,22.66
07/02/13,21.11121,22.21999,20.77002,22.15
06/02/13,20.65999,21.3339,20.60001,21.18
05/02/13,20.43006,20.79,20.2,20.60001
04/02/13,20.59999,21.05,19.85502,20.43005
03/02/13,19.7,20.9,19.42,20.59
02/02/13,20.3611,20.5,18,19.63001
01/02/13,20.50879,21.13,20.301,20.49897
31/01/13,19.70001,21.43,19.51123,20.41001
30/01/13,19.53999,19.7989,19.14901,19.70001
29/01/13,18.8,19.8,18.7,19.52538
28/01/13,17.81821,18.88,17.75,18.72101
27/01/13,17.81,17.99999,17.21,17.81821
26/01/13,17.4511,17.88,16.54001,17.88
25/01/13,16.76002,17.797,15.38613,17.40001
24/01/13,17.52899,19.18999,15.6101,16.89596
23/01/13,17.26142,17.5855,16.80155,17.50004
22/01/13,16.8,17.59,16.65,17.26142
21/01/13,15.7,16.98,15.63412,16.8
20/01/13,15.615,15.89,15.51,15.7
19/01/13,15.6843,15.77272,15.25,15.615
18/01/13,15.59897,15.985,15.41,15.70499
17/01/13,14.73,15.69999,14.63,15.50001
16/01/13,14.3,14.73,14.21001,14.73
15/01/13,14.35,14.47899,13.99178,14.25003
14/01/13,14.19,14.35,14.11,14.30002
13/01/13,14.237,14.3148,13.94896,14.11601
12/01/13,14.25664,14.338,13.975,14.23699
11/01/13,14.13,14.34999,13.91001,14.13701
10/01/13,13.77001,14.32,13.77,14.13999
09/01/13,13.79904,13.86225,13.62,13.77001
08/01/13,13.55376,13.87998,13.5,13.74275
07/01/13,13.51394,13.59,13.404,13.58755
06/01/13,13.44884,13.521,13.356,13.45395
05/01/13,13.50001,13.548,13.314,13.44
04/01/13,13.4265,13.52,13.27311,13.5
03/01/13,13.28306,13.464,13.24897,13.39786
02/01/13,13.35574,13.4,13.16382,13.27999
01/01/13,13.51001,13.56,13.16123,13.30413
31/12/12,13.39112,13.561,13.36634,13.51001
30/12/12,13.41197,13.59,13.35,13.45001
29/12/12,13.4999,13.67,13.27,13.4
28/12/12,13.43998,13.6499,13.34201,13.42119
27/12/12,13.46332,13.47,13.25,13.42174
26/12/12,13.35001,13.46997,13.20001,13.46786
25/12/12,13.4198,13.43,13.14,13.35001
24/12/12,13.3718,13.45,13.2105,13.38001
23/12/12,13.47221,13.47222,13.01,13.31202
22/12/12,13.5,13.58996,13.3213,13.37136
21/12/12,13.57999,13.6,13.41999,13.49998
20/12/12,13.595,13.72,13.32591,13.52463
19/12/12,13.29899,13.601,13.2,13.599
18/12/12,13.25005,13.39807,13.11,13.29899
17/12/12,13.3,13.485,12.74919,13.25005
16/12/12,13.49012,13.66548,13.13111,13.30002
15/12/12,13.60005,13.64,13.44216,13.49011
14/12/12,13.70635,13.90119,13,13.60004
13/12/12,13.699,13.8,13.46777,13.7001
12/12/12,13.67,13.79989,13.3,13.6989
11/12/12,13.5,13.67,13.3,13.55703
10/12/12,13.388,13.55,13.26911,13.43335
09/12/12,13.42007,13.53,13.021,13.388
08/12/12,13.4998,13.55,13.3545,13.42007
07/12/12,13.29899,13.549,12.975,13.4999
06/12/12,13.30001,13.6888,12.9,13.29899
05/12/12,13.4,13.42025,13.15,13.38
04/12/12,12.65004,13.5,12.62,13.41
03/12/12,12.50202,12.67901,12.4755,12.67899
02/12/12,12.57216,12.68,12.434,12.50004
01/12/12,12.565,12.68778,12.4625,12.56201
30/11/12,12.539,12.65,12.42423,12.565
29/11/12,12.34768,12.599,12.15,12.45
28/11/12,12.2,12.40712,12.1,12.34769
27/11/12,12.24546,12.339,11.9,12.2
26/11/12,12.48211,12.6515,11.89,12.24546
25/11/12,12.41153,12.6,12.3125,12.4821
24/11/12,12.38548,12.4756,12.25,12.41153
23/11/12,12.36969,12.40999,12.132,12.34501
22/11/12,11.74978,12.43,11.67,12.42191
21/11/12,11.7,11.784,11.6435,11.76999
20/11/12,11.69276,11.799,11.57297,11.73281
19/11/12,11.66468,11.84,11.6,11.7999
18/11/12,11.78879,11.832,11.616,11.65152
17/11/12,11.74879,11.8,11.52,11.78889
16/11/12,11.20192,11.8,11.17214,11.74889
15/11/12,10.98748,11.3,10.86,11.19771
14/11/12,11,11.05,10.82011,10.95
13/11/12,11.00801,11.129,10.9215,10.9512
12/11/12,10.84001,11.18,10.76666,11.00801
11/11/12,10.88999,10.939,10.7,10.8687
10/11/12,10.815,10.95899,10.75,10.88999
09/11/12,10.925,10.98497,10.79,10.815
08/11/12,10.92011,11.07,10.75,10.925
07/11/12,10.89898,11.21603,10.8,10.92
06/11/12,10.748,10.9,10.6667,10.89899
05/11/12,10.80011,10.88,10.61,10.748
04/11/12,10.6425,10.9,10.51002,10.80011
03/11/12,10.46876,10.65,10.4,10.6425
02/11/12,10.57,10.8,10.33,10.46877
01/11/12,11.17963,11.279,10.4,10.57
31/10/12,10.881,11.21,10.70543,11.201
30/10/12,10.59,10.89,10.58,10.88753
29/10/12,10.69998,10.93979,10.3209,10.59999
28/10/12,10.2603,10.95,10.24998,10.69998
27/10/12,10.17065,10.83883,9.82207,10.26051
26/10/12,10.85369,10.95,9.74,10.17061
25/10/12,11.64999,11.6989,10.52,10.86158
24/10/12,11.65001,11.79,11.591,11.64999
23/10/12,11.71014,12,11.41,11.65
22/10/12,11.63108,11.81,11.4711,11.71012
21/10/12,11.73991,11.76528,11.61,11.63107
20/10/12,11.74013,11.85,11.56025,11.73991
19/10/12,11.9349,11.967,11.619,11.74012
18/10/12,11.81,11.9599,11.75,11.93977
17/10/12,11.82461,11.95998,11.7,11.81
16/10/12,11.83807,11.99,11.5,11.8499
15/10/12,11.57621,11.98863,11.43,11.83807
14/10/12,11.86101,12.03,11.496,11.7389
13/10/12,12,12.11,11.85,11.86101
12/10/12,12.11751,12.15,11.92,12
11/10/12,12.13,12.151,11.85788,12.03
10/10/12,11.895,12.19,11.767,12.12
09/10/12,11.7381,12.35,11.5711,11.895
08/10/12,11.89901,11.95198,10.621,11.77809
07/10/12,12.505,12.6185,11.7,11.80001
06/10/12,12.78998,12.85999,12.35,12.505
05/10/12,12.8001,12.97,12.51,12.688
04/10/12,12.88351,13.0899,12.6,12.85
03/10/12,12.84,12.99,12.68001,12.89
02/10/12,12.4299,12.88,12.3435,12.84
01/10/12,12.35,12.481,12.321,12.4
30/09/12,12.363,12.44889,12.301,12.4
29/09/12,12.44,12.49,12.21111,12.36309
28/09/12,12.27,12.44998,12.12,12.39101
27/09/12,12.37,12.395,12.207,12.30889
26/09/12,12.196,12.46,12.02,12.27
25/09/12,12.1,12.22909,12.008,12.197
24/09/12,12.151,12.29888,11.95105,12.1
23/09/12,12.23781,12.27,11.6304,12.19331
22/09/12,12.27319,12.39999,12.14,12.23781
21/09/12,12.3998,12.49998,12.011,12.368
20/09/12,12.572,12.66,12.25,12.28253
19/09/12,12.2345,12.68666,12.1501,12.5725
18/09/12,11.9325,12.3456,11.8402,12.25
17/09/12,11.87,11.9625,11.7655,11.89
16/09/12,11.75,11.99,11.722,11.87
15/09/12,11.74999,11.789,11.6,11.75
14/09/12,11.399,11.799,11.32103,11.67
13/09/12,11.22854,11.399,11.2201,11.399
12/09/12,11.33081,11.39,10.78,11.36489
11/09/12,11.1511,11.35,10.878,11.33081
10/09/12,11.02,11.192,10.8745,11.17
09/09/12,11.05,11.14288,10.92452,11.02
08/09/12,11.09792,11.14177,10.765,11.037
07/09/12,11.19686,11.21,10.9544,11
06/09/12,11,11.29,10.64,11.181
05/09/12,10.38471,11.17,10.261,10.99971
04/09/12,10.53,10.53,10.15,10.38471
03/09/12,10.21,10.5934,10.08889,10.53
02/09/12,10,10.35579,9.71922,10.2041
01/09/12,10.15,10.3,9.77635,9.96544
31/08/12,10.77699,10.8285,9.66,10.16
30/08/12,10.80405,10.93199,10.6,10.77699
29/08/12,10.93,11.134,10.55,10.9169
28/08/12,10.96,11.20999,10.5,10.94
27/08/12,10.59,12.14999,10.54441,10.95
26/08/12,10.6,10.61913,10.446,10.61
25/08/12,10.6,10.62611,10.2,10.5239
24/08/12,10.09996,10.6188,9.852,10.6
23/08/12,9.72,10.25,9.705,10.09997
22/08/12,9.91503,10.09999,9.5714,9.80679
21/08/12,10.061,10.29999,9.69876,9.91502
20/08/12,7.99999,10.5,7.81011,10.1
19/08/12,11.57935,11.61538,7.58,8
18/08/12,11.80915,12.89592,11.02009,11.61
17/08/12,13.44,15.4,10.6,11.5836
16/08/12,13.24999,13.84119,12.5,13.5
15/08/12,12.19,13.25,12.16138,13.25
14/08/12,12.03749,12.34,11.89499,12.19
13/08/12,11.6239,12.05007,11.4919,12.03749
12/08/12,11.5102,11.765,11.45,11.62399
11/08/12,11.4699,11.59788,11.38751,11.5102
10/08/12,11.06111,11.6,11.01,11.38637
09/08/12,11.0987,12,10.8,11.0611
08/08/12,11.10001,11.14999,10.85,11.0553
07/08/12,10.91,11.10002,10.651,11.1
06/08/12,10.86987,11.19,10.63539,10.85517
05/08/12,10.98398,11.29112,10.10986,10.86998
04/08/12,10.9797,11.3,10.5307,10.98398
03/08/12,10.62468,11.12,10.3,10.97
02/08/12,9.55439,11,9.412,10.53
01/08/12,9.35,9.65,9.111,9.5503
31/07/12,9.07881,9.44,9.07881,9.35
30/07/12,8.71027,9.15,8.7,9.098
29/07/12,8.88809,8.8881,8.7,8.71027
28/07/12,8.9,8.93,8.71,8.8881
27/07/12,8.9,8.95,8.81415,8.9
26/07/12,8.8,8.901,8.6,8.9
25/07/12,8.549,8.9,8.3688,8.8
24/07/12,8.4456,8.8499,8.34,8.6
23/07/12,8.4321,9.2,7.75,8.44565
22/07/12,8.85841,8.97,8.2712,8.4096
21/07/12,8.52001,9.7,7.96,8.84553
20/07/12,8.86998,8.86998,7.6,8.52
19/07/12,9.10977,9.23355,8.8183,8.86999
18/07/12,8.80002,9.39899,8.5,9.10977
17/07/12,8.5,9.49,7.3215,8.80001
16/07/12,7.62277,8.65,7.6178,8.4996
15/07/12,7.54211,7.7,7.45,7.62101
14/07/12,7.60011,7.665,7.51563,7.5421
13/07/12,7.68749,7.81639,7.4201,7.6651
12/07/12,7.17,7.9,7.1,7.76437
11/07/12,7.1997,7.257,7.01777,7.15
10/07/12,7.0215,7.25,6.96,7.1999
09/07/12,6.7915,7.1,6.74257,7.0215
08/07/12,6.76207,6.86,6.7235,6.79898
07/07/12,6.69997,6.87,6.63,6.76207
06/07/12,6.67,6.72,6.55,6.64811
05/07/12,6.51,6.77,6.48101,6.67
04/07/12,6.44994,6.55,6.44991,6.5101
03/07/12,6.75998,6.76,6.4,6.44993
02/07/12,6.6001,6.765,6.5778,6.75999
01/07/12,6.68998,6.69399,6.5351,6.62898
30/06/12,6.65,6.694,6.60201,6.68999
29/06/12,6.6059,6.67921,6.542,6.65
28/06/12,6.6469,6.66897,6.49,6.60588
27/06/12,6.45887,6.65,6.4,6.647
26/06/12,6.32969,6.47,6.28888,6.4195
25/06/12,6.35002,6.4455,6.21748,6.30482
24/06/12,6.4285,6.47,6.35,6.35002
23/06/12,6.54783,6.65062,6.4,6.4285
22/06/12,6.68009,6.79962,6.42771,6.54781
21/06/12,6.67001,6.8,6.561,6.68008
20/06/12,6.49876,6.71031,6.45,6.67
19/06/12,6.30998,6.53294,6.281,6.49876
18/06/12,6.2,6.36,6.03,6.30998
17/06/12,6.4487,6.52999,6.1027,6.16382
16/06/12,6.5,6.599,6.261,6.4
15/06/12,5.95411,6.587,5.883,6.5
14/06/12,5.9288,5.97422,5.808,5.9541
13/06/12,5.73,5.96,5.66,5.929
12/06/12,5.595,5.74999,5.5,5.70003
11/06/12,5.46829,5.59997,5.4324,5.57471
10/06/12,5.55997,5.577,5.4267,5.46829
09/06/12,5.6329,5.69999,5.46177,5.55997
08/06/12,5.59087,5.66,5.5599,5.633
07/06/12,5.46799,5.59357,5.41,5.591
06/06/12,5.44607,5.49,5.38945,5.46001
05/06/12,5.26588,5.5,5.22354,5.44001
04/06/12,5.21999,5.2785,5.18001,5.26599
03/06/12,5.24799,5.2543,5.2051,5.2051
02/06/12,5.27481,5.27488,5.2133,5.24898
01/06/12,5.19957,5.279,5.18111,5.27481
31/05/12,5.135,5.2,5.1121,5.18011
30/05/12,5.14997,5.1725,5.1,5.135
29/05/12,5.13999,5.15889,5.015,5.14997
28/05/12,5.13,5.16,5.11,5.1358
27/05/12,5.10302,5.148,5.10011,5.13896
26/05/12,5.11561,5.145,5.10011,5.10324
25/05/12,5.11904,5.15,5.102,5.14546
24/05/12,5.13959,5.14889,5.0701,5.11904
23/05/12,5.09857,5.165,5.06502,5.1397
22/05/12,5.09966,5.115,5.04951,5.09877
21/05/12,5.1,5.12999,5.0623,5.09977
20/05/12,5.11817,5.15,5.0855,5.09002
19/05/12,5.1245,5.14291,5.07,5.0995
18/05/12,5.09979,5.13,5.0615,5.11801
17/05/12,5.08879,5.1,5.0515,5.0998
16/05/12,5.03824,5.1345,5,5.0887
15/05/12,5.02269,5.04,4.95123,5.035
14/05/12,4.95089,5.036,4.9,5.00594
13/05/12,4.94976,4.99888,4.92,4.92996
12/05/12,4.95001,4.9988,4.915,4.94619
11/05/12,4.85,5,4.801,4.96
10/05/12,5.0597,5.125,4.80284,4.85
09/05/12,5.04988,5.09609,5,5.0437
08/05/12,5.08738,5.1,4.96,5.04997
07/05/12,5.05,5.09569,4.97111,5.06002
06/05/12,5.07739,5.099,5.01378,5.04991
05/05/12,5.06712,5.1198,5.02932,5.077
04/05/12,5.10926,5.15,5.067,5.067
03/05/12,5.07359,5.184,5.02,5.13438
02/05/12,5,5.1789,4.97,5.07367
01/05/12,4.9491,5,4.91602,5
30/04/12,4.9138,5,4.87003,4.9491
29/04/12,4.9789,5.0184,4.88,4.90441
28/04/12,5.1,5.10947,4.84634,4.9794
27/04/12,5.09762,5.124,5.0321,5.10947
26/04/12,5.13183,5.1749,4.99,5.09762
25/04/12,5.09998,5.18,5.03575,5.13182
24/04/12,4.95999,5.2,4.952,5.09822
23/04/12,5.20406,5.21799,4.95999,4.95999
22/04/12,5.26,5.32498,5.101,5.20352
21/04/12,5.39771,5.479,5.11,5.26008
20/04/12,5.13755,5.48,5.10103,5.35
19/04/12,5.1176,5.19,5.1,5.13766
18/04/12,4.97587,5.1782,4.96,5.1178
17/04/12,4.95914,5.02207,4.925,4.97587
16/04/12,4.969,4.979,4.90988,4.93201
15/04/12,4.9597,4.98,4.86,4.96892
14/04/12,4.93989,5.03,4.90001,4.9597
13/04/12,4.89102,4.94464,4.73001,4.93999
12/04/12,4.9277,4.946,4.84272,4.91968
11/04/12,4.83641,4.98,4.79111,4.9279
10/04/12,4.87178,4.9,4.76391,4.83668
09/04/12,4.7899,4.87899,4.73155,4.87191
08/04/12,4.68717,4.8,4.62,4.79252
07/04/12,4.94991,4.95002,4.68715,4.68715
06/04/12,4.9189,4.98,4.88001,4.94991
05/04/12,4.92469,4.93495,4.87,4.919
04/04/12,4.9496,4.97,4.89,4.91008
03/04/12,4.974,4.99499,4.81,4.952
02/04/12,4.78207,5.08,4.76,4.974
01/04/12,4.88002,4.92,4.73,4.827
31/03/12,4.848,4.95,4.82011,4.90873
30/03/12,4.8084,4.88,4.71699,4.86
29/03/12,4.76102,4.86092,4.71001,4.80838
28/03/12,4.824,4.8365,4.72102,4.788
27/03/12,4.625,4.84592,4.49,4.81125
26/03/12,4.55001,4.73793,4.51588,4.61911
25/03/12,4.676,4.68294,4.3,4.55001
24/03/12,4.68607,4.72899,4.59595,4.676
23/03/12,4.73593,4.79,4.6,4.68596
22/03/12,4.79439,4.88,4.59768,4.7043
21/03/12,4.83692,4.87,4.75,4.81488
20/03/12,4.67216,4.89999,4.58778,4.8379
19/03/12,5.2553,5.3099,4.5,4.6939
18/03/12,5.216,5.34,5.211,5.27943
17/03/12,5.34388,5.3998,5.21212,5.2159
16/03/12,5.3479,5.4,5.3,5.34388
15/03/12,5.39298,5.445,5.25501,5.32656
14/03/12,5.27185,5.45,5.25173,5.38
13/03/12,4.89006,5.41,4.86511,5.27
12/03/12,4.90891,4.95,4.8561,4.89005
11/03/12,4.83316,4.99,4.8111,4.91
10/03/12,4.86113,4.91309,4.753,4.83315
09/03/12,4.93044,4.949,4.821,4.86112
08/03/12,4.93752,5,4.7551,4.93016
07/03/12,4.9901,5.05,4.84,4.93752
06/03/12,4.9888,5.07,4.9,4.9901
05/03/12,4.82003,5.05,4.82001,4.98427
04/03/12,4.61439,4.94999,4.612,4.82001
03/03/12,4.705,4.77995,4.51,4.61436
02/03/12,4.9213,4.95,4.51,4.70499
01/03/12,4.86,4.98888,4.86,4.9213
29/02/12,4.86798,4.9,4.8,4.86001
28/02/12,4.95,5,4.735,4.86798
27/02/12,4.922,4.99,4.89,4.95598
26/02/12,4.77303,5.1,4.77303,4.922
25/02/12,5.02879,5.07,4.65,4.77302
24/02/12,5.01499,5.1,4.825,5.0288
23/02/12,4.455,5.19778,4.42,5.015
22/02/12,4.272,4.54,4.27102,4.42474
21/02/12,4.37896,4.3975,4.212,4.272
20/02/12,4.36102,4.47,4.29017,4.36146
19/02/12,4.22201,4.52,4.181,4.38669
18/02/12,4.39175,4.49675,4.12,4.22201
17/02/12,4.24185,4.76998,4.2281,4.41
16/02/12,4.3052,4.444,3.878,4.2739
15/02/12,4.46302,4.88,4.2001,4.3251
14/02/12,5.26,5.45126,4.21211,4.46292
13/02/12,5.51468,5.72,5.2,5.26
12/02/12,5.63,5.85,5.43,5.51468
11/02/12,5.90665,6,5.541,5.6005
10/02/12,5.83,5.985,5.80119,5.9126
09/02/12,5.59998,5.91502,5.5,5.83
08/02/12,5.69,5.8494,5.3,5.59998
07/02/12,5.48299,5.78,5.45,5.69
06/02/12,5.659,5.72,5.45,5.45345
05/02/12,5.87352,5.8848,5.45,5.68881
04/02/12,5.96,5.987,5.84,5.87343
03/02/12,6.1,6.1401,5.71872,5.9593
02/02/12,6.0687,6.199,5.823,6.1
01/02/12,5.53423,6.2,5.4678,6.07561
31/01/12,5.49096,5.65,5.426,5.48379
30/01/12,5.38,5.6,5.36694,5.49048
29/01/12,5.62572,5.69999,5.32766,5.3809
28/01/12,5.29199,5.76,5.26,5.62667
27/01/12,5.34999,5.51,5.05,5.29199
26/01/12,5.8,5.92,5.3,5.34
25/01/12,6.28958,6.322,5.502,5.75
24/01/12,6.356,6.39397,6.219,6.28978
23/01/12,6.3096,6.389,6.212,6.356
22/01/12,6.18409,6.45485,6.1,6.3097
21/01/12,6.4979,6.548,6.1,6.18
20/01/12,6.352,6.58,6.258,6.48979
19/01/12,5.91998,6.36077,5.87284,6.35979
18/01/12,5.5503,6.95,5.09999,5.92
17/01/12,6.67479,6.95,4.64,5.59998
16/01/12,7.00177,7.18888,6.511,6.68254
15/01/12,6.74991,7.08,6.74115,7.00177
14/01/12,6.42,6.95039,6.2201,6.75001
13/01/12,6.78211,6.804,6.4,6.41
12/01/12,6.9,6.997,6.337,6.79999
11/01/12,6.44904,7.138,6.41266,6.9
10/01/12,6.32687,6.89,6.001,6.36
09/01/12,7.08362,7.191,5.81,6.3257
08/01/12,6.7866,7.2,6.73357,7.11358
07/01/12,6.69683,7.01556,6.38,6.81
06/01/12,6.94758,7.21,6.1261,6.69693
05/01/12,5.57402,7.22,5.57401,6.9476
04/01/12,4.8808,5.7,4.751,5.57383
03/01/12,5.21588,5.29,4.65,4.8808
02/01/12,5.26346,5.47,4.8,5.21678
01/01/12,4.70785,5.4999,4.615,5.26766
31/12/11,4.2481,4.995,4.2,4.72202
30/12/11,4.166,4.3,4.06334,4.248
29/12/11,4.2,4.33,4.116,4.166
28/12/11,4.07,4.25,3.99,4.18552
27/12/11,4.018,4.0998,3.962,4.06997
26/12/11,4.225,4.31259,3.81,4.018
25/12/11,3.94,4.3897,3.7807,4.225
24/12/11,3.94678,3.969,3.855,3.94
23/12/11,3.89009,3.95,3.815,3.94678
22/12/11,3.8753,3.99199,3.509,3.8901
21/12/11,3.92,4.04,3.81,3.89
20/12/11,3.5202,4.5,3.483,3.95
19/12/11,3.193,3.70036,3.18933,3.5202
18/12/11,3.18191,3.2189,3.1751,3.193
17/12/11,3.2,3.2299,3.15526,3.2001
16/12/11,3.1959,3.22,3.15,3.2
15/12/11,3.13921,3.21445,3.11001,3.2
14/12/11,3.229,3.24805,2.99401,3.15
13/12/11,3.17321,3.25,3.141,3.2499
12/12/11,3.25001,3.2901,3.08414,3.135
11/12/11,3.06,3.38,2.99,3.2511
10/12/11,2.96999,3.1332,2.93471,3.05
09/12/11,2.98,3.039,2.93471,2.96999
08/12/11,2.98996,3.00634,2.88421,2.98
07/12/11,3.027,3.082,2.93241,2.99001
06/12/11,2.88,3.05,2.8701,3.03
05/12/11,2.82806,2.93,2.7807,2.8798
04/12/11,2.792,2.89998,2.61,2.82809
03/12/11,3.11228,3.125,2.75,2.794
02/12/11,3.058,3.138,3.03498,3.1151
01/12/11,2.99,3.14,2.92894,3.06
30/11/11,2.75009,3.09,2.73225,2.9701
29/11/11,2.54998,2.981,2.54028,2.75019
28/11/11,2.47991,2.55,2.44,2.55
27/11/11,2.4701,2.49,2.42331,2.47991
26/11/11,2.46606,2.53125,2.41041,2.47003
25/11/11,2.439,2.52779,2.374,2.50612
24/11/11,2.33209,2.56,2.30526,2.4321
23/11/11,2.32889,2.38,2.27,2.33209
22/11/11,2.28797,2.35,2.25,2.3289
21/11/11,2.2,2.31125,2.17,2.294
20/11/11,2.1994,2.499,2.15,2.2
19/11/11,2.05069,2.26,1.99998,2.19585
18/11/11,2.25938,2.38998,2,2.04999
17/11/11,2.56,2.58852,1.994,2.25
16/11/11,2.33,2.60031,2.301,2.56035
15/11/11,2.2199,2.49,2.11,2.32896
14/11/11,2.99573,2.99573,2.09995,2.22
13/11/11,3.03097,3.04998,2.951,2.99686
12/11/11,3.08001,3.11,3.01,3.03099
11/11/11,2.8401,3.10998,2.823,3.08001
10/11/11,2.95001,2.969,2.80011,2.83993
09/11/11,3.071,3.11,2.88655,2.95001
08/11/11,3.00677,3.21,3.00579,3.03501
07/11/11,2.95913,3.03248,2.95,3.00677
06/11/11,2.97002,2.9999,2.92,2.95959
05/11/11,3.109,3.14999,2.85,2.97002
04/11/11,3.1696,3.21,3.01111,3.109
03/11/11,3.2524,3.28,3.1,3.152
02/11/11,3.15009,3.44,3.141,3.25429
01/11/11,3.25617,3.35,3.07001,3.15
31/10/11,3.275,3.31589,3.066,3.24801
30/10/11,3.58103,3.65026,3.2,3.27
29/10/11,3.18431,3.82717,3.14,3.58113
28/10/11,3.04001,3.255,2.90501,3.18999
27/10/11,2.773,3.09,2.7311,3.04001
26/10/11,2.77,2.8485,2.6502,2.77302
25/10/11,2.523,3.04,2.44034,2.77
24/10/11,3.127,3.1948,2.481,2.545
23/10/11,3.12002,3.2,2.95,3.17
22/10/11,2.57562,3.3,2.5515,3.1588
21/10/11,2.35,2.72002,2.32699,2.57
20/10/11,2.25031,2.39082,2.22,2.34801
19/10/11,2.41901,2.536,2.0401,2.27
18/10/11,2.54127,2.9,2.31,2.41901
17/10/11,3.55711,3.74,2.26,2.55998
16/10/11,3.84214,3.8975,3.4,3.55701
15/10/11,3.9873,4.05,3.70888,3.84214
14/10/11,4.05644,4.11455,3.9481,3.98791
13/10/11,4.16,4.2,4.002,4.04615
12/10/11,3.92982,4.45,3.901,4.15
11/10/11,4.06084,4.10001,3.84962,3.9308
10/10/11,4.1,4.2,4.0104,4.1
09/10/11,4.00757,4.389,4.00757,4.10288
08/10/11,4.30281,4.3399,3.825,4.00753
07/10/11,4.74688,4.7958,3.7819,4.2728
06/10/11,4.87002,4.9,4.4989,4.73443
05/10/11,4.96,5.025,4.8312,4.87
04/10/11,5.02401,5.025,4.9193,4.96
03/10/11,5.02701,5.0399,4.88889,5.02401
02/10/11,5.03241,5.1,4.91,5.02701
01/10/11,5.16699,5.24919,4.86125,5.03241
30/09/11,4.7567,5.35,4.743,5.14009
29/09/11,4.77985,4.8,4.6742,4.77935
28/09/11,4.91563,4.969,4.625,4.77247
27/09/11,4.86969,5.13018,4.781,4.9156
26/09/11,5.32999,5.4,4.721,4.86969
25/09/11,5.44406,5.49,5.32199,5.33
24/09/11,5.54514,5.641,5.3201,5.46829
23/09/11,5.43,5.70653,5.4145,5.54514
22/09/11,5.64335,5.83001,5.29,5.42781
21/09/11,6.11191,6.28664,5.06,5.6114
20/09/11,5.46203,6.795,5.4511,6.11191
19/09/11,5.2021,5.64399,4.9,5.46001
18/09/11,4.7604,5.6,4.72134,5.2
17/09/11,4.82,4.93,4.7,4.77
16/09/11,4.84,4.99,4.61,4.82
15/09/11,5.61932,5.61932,4.44,4.84
14/09/11,5.8199,5.84731,5.32488,5.61932
13/09/11,6.05,6.085,5.7,5.8
12/09/11,5.94,6.58212,5.4121,6.078
11/09/11,4.7739,7.4,4.6,5.86435
10/09/11,5.019,5.49,4.63,4.7739
09/09/11,6.5299,6.57686,4.18,5.03
08/09/11,7.19786,7.19786,6.51235,6.53
07/09/11,6.8628,7.59916,6.53001,7.1864
06/09/11,7.61101,7.65713,6.122,6.8628
05/09/11,8.12796,8.19142,7.25,7.61101
04/09/11,8.4632,8.49,7.85,8.17798
03/09/11,8.6,8.69,8.36307,8.48
02/09/11,8.25,8.7138,8.23,8.64
01/09/11,8.19951,8.35994,8.1,8.21
31/08/11,8.79,8.79,8.01001,8.19951
30/08/11,8.969,9,8.55,8.79134
29/08/11,9.07021,9.27027,8.65,8.969
28/08/11,8.5911,9.4811,8.44758,9.07011
27/08/11,8.17939,9.11,8.12082,8.5902
26/08/11,9.65702,9.889,7.642,8.17939
25/08/11,10.8506,10.891,9.1,9.65702
24/08/11,10.94001,11.083,10.8309,10.8506
23/08/11,10.909,11.3,10.809,10.94001
22/08/11,11.31125,11.501,10.51,10.895
21/08/11,11.453,11.51,11.31,11.31125
20/08/11,11.65638,11.69001,11.4,11.453
19/08/11,10.83001,11.81,10.83001,11.65
18/08/11,10.97792,11.04999,10.81,10.83001
17/08/11,10.92339,11.1,10.661,10.94555
16/08/11,11.1548,11.32,10.8109,10.96409
15/08/11,10.7921,11.89,10.72151,11.14979
14/08/11,10.1302,11.24,9.62,10.7957
13/08/11,9.47024,10.25041,9.28,10.131
12/08/11,9.46268,9.8,8.91,9.46051
11/08/11,10.08821,10.4959,8.45099,9.46248
10/08/11,9.95017,10.40001,9.5,9.98
09/08/11,7.79996,12.1,7.671,9.99
08/08/11,7.9,8.15998,7.055,7.79991
07/08/11,6.5317,9.47,6.01,7.9
06/08/11,9.7403,9.95,5.742,6.55
05/08/11,10.7106,10.99,9.5,9.7999
04/08/11,9.287,11.15,9.26999,10.75
03/08/11,12.05,12.16,8.7,9.26
02/08/11,13.09628,13.1,11.5,12.05
01/08/11,13.3503,13.5501,12.85,13.0946
31/07/11,13.5365,14.8999,12.82922,13.35
30/07/11,13.5015,13.63,13.45,13.53034
29/07/11,13.4901,13.7,13.3302,13.49832
28/07/11,13.891,13.939,13.312,13.49011
27/07/11,13.88214,14.13,13.85,13.9394
26/07/11,14.02979,14.05051,13.768,13.88214
25/07/11,13.98001,14.72299,13.76,14.0478
24/07/11,13.6904,14.1,13.6,13.98001
23/07/11,13.69999,13.7649,13.51,13.68
22/07/11,13.61,13.81,13.45,13.69542
21/07/11,13.71982,13.78,13.4,13.61
20/07/11,13.86024,14,13.4,13.68943
19/07/11,13.47051,14.7,13.44,13.85024
18/07/11,13.16,13.915,12.51,13.48
17/07/11,13.719,13.75,13.021,13.16
16/07/11,13.81,13.81,13.501,13.7191
15/07/11,13.99999,14.09,13.5021,13.81
14/07/11,13.97,14.07,13.7,13.99
13/07/11,14.0276,14.15,13.91,13.95099
12/07/11,14.20912,14.63988,13.9,14.00943
11/07/11,14.9,15.1999,13.8,14.20912
10/07/11,14.375,15.68,14.35,14.9
09/07/11,14.31399,14.6999,14.0201,14.38
08/07/11,14.77609,15.64276,13.90152,14.31399
07/07/11,14.78367,15.9,14.5,14.77609
06/07/11,12.90701,16.5,12.67132,14.78347
05/07/11,13.878,15,11,12.90691
04/07/11,15.4407,15.48988,13.14,13.86
03/07/11,15.39981,15.689,15.311,15.44049
02/07/11,15.3705,15.8,15.271,15.4
01/07/11,16.10098,16.74,15.26,15.397
30/06/11,16.846,17,15.73,16.10098
29/06/11,16.94991,17.2,16.666,16.845
28/06/11,16.75,17.52,16.5,16.9498
27/06/11,16.45001,18,15,16.75004
26/06/11,17.51001,17.51001,14.01,16.45001
25/06/11,0,0,0,0
24/06/11,0,0,0,0
23/06/11,0,0,0,0
22/06/11,0,0,0,0
21/06/11,0,0,0,0
20/06/11,0,0,0,0
19/06/11,16.85,18.8766,16.85,17.51
18/06/11,15.9635,16.9499,15.052,16.89
17/06/11,17,18.34,13,15.681
16/06/11,19.5,19.89,17,17
15/06/11,19.2804,20,19.022,19.49
14/06/11,19.8,20.5,18.001,19.28
13/06/11,18.5479,24.5,16,19.84
12/06/11,14.75,24.99,10.25,18.5464
11/06/11,23.93,23.99,13,14.6511
10/06/11,28.9191,29.399,20.01,23.9497
09/06/11,29.91,31.5,26.151,28.919
08/06/11,23.9999,31.9099,22.2135,29.6
07/06/11,18.2605,24.32,18.26,23.9234
06/06/11,16.7,19.23,16.4513,18.5499
05/06/11,18.966,18.998,16.2,16.7
04/06/11,14.27,18.89,14.04,18.89
03/06/11,10.6002,14.499,10.5752,14.29
02/06/11,9.6,10.888,9.5,10.6
01/06/11,8.741,9.6987,8.3,9.57
31/05/11,8.8,9.4998,8.1,8.741
30/05/11,8.4483,9,8.25001,8.8
29/05/11,8.3001,8.49,8.102,8.4299
28/05/11,8.55,8.7,8.11,8.3001
27/05/11,8.7002,8.83,8.5002,8.5002
26/05/11,8.2502,8.9869,8.01,8.798
25/05/11,7.4899,9.33,7.21612,8.3997
24/05/11,7.1499,7.51,6.96,7.42
23/05/11,6.6901,7.45,6.68999,7.14991
22/05/11,6.14,6.7594,5.99001,6.6901
21/05/11,5.7999,6.5199,5.5772,6.11971
20/05/11,6.8051,7.1,5.5772,5.59039
19/05/11,6.7002,7.34,6.60711,6.805
18/05/11,7.1911,7.5,6.6,6.88
17/05/11,7.8974,8.38901,6.97991,7.19
16/05/11,6.9899,8.5,6.75,8.03388
15/05/11,7.0022,7.78,6.20001,6.98701
14/05/11,8.12011,8.9,5.83,7.19769
13/05/11,6.3201,8.45,6.3201,8.198
12/05/11,5.4898,6.49,5.22,6.30019
11/05/11,5.7499,6.065,4.6,5.5
10/05/11,3.81,5.99001,3.81,5.81
09/05/11,3.8696,3.9,3.6905,3.8
08/05/11,3.641,3.937,3.63,3.8659
07/05/11,3.45,3.7,3.425,3.641
06/05/11,3.333,3.61001,3.29,3.45
05/05/11,3.4013,3.4498,3.333,3.333
04/05/11,3.418,3.58,3.25,3.40609
03/05/11,3.2,3.49,3.11,3.41
02/05/11,3.0988,3.495,3.029,3.2
01/05/11,3.5,3.87,2.5,3.03311
30/04/11,2.879,4.14996,2.75,3.5
29/04/11,2.211,2.95,2.21,2.88
28/04/11,1.892,2.65,1.66,2.21059
27/04/11,1.781,1.95,1.72,1.9
26/04/11,1.581,1.7949,1.53,1.7949
25/04/11,1.631,1.701,1.52109,1.559
24/04/11,1.7999,1.95,1.6,1.63011
23/04/11,1.3911,1.95,1.3202,1.7001
22/04/11,1.21,1.41,1.189,1.40901
21/04/11,1.14209,1.21,1.14,1.21
20/04/11,1.181,1.1979,1.13,1.1421
19/04/11,1.1618,1.1979,1.1436,1.1979
18/04/11,1.13888,1.1999,1.1103,1.16199
17/04/11,1.048,1.14,1.0255,1.1123
16/04/11,0.9841,1.095,0.95414,1.0499
15/04/11,1,1.08999,0.911,0.98991
14/04/11,0.939,1,0.91,1
13/04/11,0.86,1,0.86,0.9225
12/04/11,0.7787,0.899,0.7703,0.86
11/04/11,0.7369,0.799,0.7103,0.77
10/04/11,0.75,0.7589,0.71,0.7369
09/04/11,0.74999,0.7676,0.7205,0.73
08/04/11,0.7538,0.799,0.7309,0.74999
07/04/11,0.748,0.78491,0.7205,0.7538
06/04/11,0.7477,0.75,0.6902,0.74
05/04/11,0.68,0.74784,0.58,0.71
04/04/11,0.78,0.785,0.5619,0.68
03/04/11,0.78199,0.79487,0.777,0.779
02/04/11,0.775,0.7998,0.7741,0.78199
01/04/11,0.78461,0.79697,0.7741,0.77411
31/03/11,0.7897,0.80098,0.768,0.78461
30/03/11,0.7925,0.795,0.76599,0.7897
29/03/11,0.7989,0.79966,0.7648,0.7925
28/03/11,0.82,0.85,0.76,0.79898
27/03/11,0.829,0.87211,0.8152,0.82
26/03/11,0.8837,0.905,0.841,0.8552
25/03/11,0.86688,0.88999,0.861,0.88377
24/03/11,0.832,0.9,0.82659,0.86688
23/03/11,0.81,0.85,0.78,0.84971
22/03/11,0.75897,0.81,0.7405,0.80901
21/03/11,0.76145,0.77241,0.7405,0.75897
20/03/11,0.763,0.79,0.7402,0.74108
19/03/11,0.78,0.797,0.73127,0.765
18/03/11,0.8499,0.85062,0.70999,0.81648
17/03/11,0.845,0.88,0.81,0.82542
16/03/11,0.871,0.88,0.836,0.86
15/03/11,0.8949,0.8949,0.87,0.87
14/03/11,0.89249,0.9,0.88,0.8949
13/03/11,0.90501,0.918,0.88976,0.89249
12/03/11,0.88,0.9197,0.88,0.918
11/03/11,0.89,0.925,0.8601,0.88
10/03/11,0.86449,0.9329,0.84965,0.9329
09/03/11,0.85132,0.87,0.85,0.86449
08/03/11,0.88502,0.88502,0.84999,0.86999
07/03/11,0.87,0.909,0.846,0.88502
06/03/11,0.9098,0.9098,0.81,0.8999
05/03/11,0.91,0.9189,0.8111,0.9103
04/03/11,0.92021,0.93909,0.9001,0.901
03/03/11,0.9128,0.9399,0.91,0.93909
02/03/11,0.92021,0.94,0.9102,0.9399
01/03/11,0.8601,0.97,0.8502,0.92021
28/02/11,0.89009,0.92001,0.845,0.86
27/02/11,0.958,0.958,0.89,0.89
26/02/11,0.9112,0.97,0.91061,0.958
25/02/11,0.97,0.99979,0.91109,0.9111
24/02/11,0.93,1,0.9,0.99743
23/02/11,0.90999,0.945,0.8681,0.9
22/02/11,0.85,0.95,0.8313,0.87023
21/02/11,0.8313,0.8796,0.8313,0.8345
20/02/11,0.94898,0.94898,0.83,0.85
19/02/11,0.8376,0.98,0.8376,0.94898
18/02/11,1.031,1.04019,0.78009,0.8989
17/02/11,1.045,1.05019,1.02,1.04
16/02/11,1.05,1.05019,1.0201,1.045
15/02/11,1.06,1.085,1.035,1.05
14/02/11,1.04,1.08,1.033,1.07
13/02/11,1.0511,1.08,1.0201,1.05
12/02/11,1.01,1.08,0.9906,1.0799
11/02/11,0.98,1.0899,0.9264,1.07001
10/02/11,1.08,1.1,0.8,0.98031
09/02/11,0.905,1.09,0.82,1.09
08/02/11,0.89,0.918,0.8617,0.918
07/02/11,0.89968,0.9,0.83,0.89
06/02/11,0.92,0.92,0.83,0.89968
05/02/11,0.839,0.92,0.8115,0.92
04/02/11,0.72,0.88,0.67,0.811
03/02/11,0.7218,0.75,0.6501,0.69
02/02/11,0.71,0.76001,0.69,0.716
01/02/11,0.5451,0.85,0.52011,0.7
31/01/11,0.47981,0.95,0.47,0.52001
30/01/11,0.445,0.48,0.445,0.4799
29/01/11,0.445,0.445,0.43,0.439
28/01/11,0.4223,0.446,0.4212,0.446
27/01/11,0.4095,0.45,0.40851,0.4212
26/01/11,0.41123,0.42,0.3904,0.417
25/01/11,0.4199,0.425,0.4,0.41
24/01/11,0.4424,0.4424,0.381,0.4199
23/01/11,0.4443,0.4443,0.42,0.4424
22/01/11,0.41,0.4443,0.39,0.4443
21/01/11,0.3899,0.44,0.368,0.41991
20/01/11,0.31299,0.39,0.31,0.39
19/01/11,0.31299,0.31299,0.305,0.31299
18/01/11,0.3495,0.3495,0.305,0.31299
17/01/11,0.38679,0.38679,0.315,0.3495
16/01/11,0.3994,0.4,0.386,0.38679
15/01/11,0.4,0.4,0.385,0.386
14/01/11,0.3176,0.45,0.3176,0.4
13/01/11,0.31868,0.405,0.3176,0.3176
12/01/11,0.3265,0.3557,0.31799,0.3188
11/01/11,0.32659,0.32659,0.31761,0.32659
10/01/11,0.32291,0.329,0.3175,0.32659
09/01/11,0.32291,0.323,0.32291,0.323
08/01/11,0.3092,0.3229,0.309,0.3229
07/01/11,0.2975,0.322,0.2975,0.32
06/01/11,0.2989,0.299,0.29,0.298
05/01/11,0.29004,0.299,0.29004,0.299
04/01/11,0.29601,0.29987,0.289,0.29895
03/01/11,0.29,0.2999,0.29,0.295
02/01/11,0.29459,0.3,0.289,0.29997
01/01/11,0.292,0.3,0.292,0.3
31/12/10,0.3,0.3,0.292,0.3
30/12/10,0.291,0.3,0.291,0.3
29/12/10,0.271,0.301,0.271,0.3
28/12/10,0.264,0.281,0.2612,0.281
27/12/10,0.251,0.27,0.251,0.265
26/12/10,0.2499,0.27,0.24639,0.265
25/12/10,0.2475,0.25,0.2475,0.2499
24/12/10,0.25,0.25,0.242,0.248
23/12/10,0.248,0.25,0.241,0.25
22/12/10,0.244,0.25,0.244,0.25
21/12/10,0.26,0.267,0.24,0.24
20/12/10,0.2401,0.275,0.24,0.267
19/12/10,0.248,0.2499,0.24,0.2401
18/12/10,0.2487,0.24881,0.241,0.241
17/12/10,0.249,0.249,0.24,0.24
16/12/10,0.23801,0.255,0.22221,0.24996
15/12/10,0.245,0.246,0.238,0.23801
14/12/10,0.2289,0.2468,0.21,0.24669
13/12/10,0.2101,0.23,0.21,0.2299
12/12/10,0.208,0.2279,0.20676,0.22
11/12/10,0.204,0.228,0.1907,0.228
10/12/10,0.19999,0.204,0.18251,0.204
09/12/10,0.226,0.233,0.1701,0.2
08/12/10,0.24,0.24,0.22,0.2388
07/12/10,0.1938,0.2477,0.1701,0.233
06/12/10,0.225,0.225,0.1841,0.204
05/12/10,0.22,0.235,0.19,0.19
04/12/10,0.255,0.2589,0.205,0.205
03/12/10,0.25,0.2552,0.243,0.25105
02/12/10,0.228,0.2553,0.218,0.255
01/12/10,0.2095,0.2299,0.2095,0.2275
30/11/10,0.2299,0.2299,0.204,0.2082
29/11/10,0.279,0.279,0.2151,0.2299
28/11/10,0.283,0.28461,0.27,0.27
27/11/10,0.2844,0.2844,0.28255,0.283
26/11/10,0.27899,0.289,0.27612,0.2844
25/11/10,0.2825,0.2825,0.278,0.28
24/11/10,0.28295,0.28299,0.2761,0.28299
23/11/10,0.2825,0.28449,0.276,0.28295
22/11/10,0.27679,0.2879,0.269,0.2879
21/11/10,0.27631,0.282,0.27631,0.27675
20/11/10,0.27999,0.29,0.26825,0.28301
19/11/10,0.2683,0.28,0.2682,0.28
18/11/10,0.2221,0.283,0.2221,0.2678
17/11/10,0.223,0.29,0.2116,0.2299
16/11/10,0.2683,0.275,0.223,0.223
15/11/10,0.27904,0.2828,0.2682,0.2682
14/11/10,0.276,0.299,0.2702,0.27904
13/11/10,0.2799,0.3,0.2683,0.276
12/11/10,0.2289,0.29,0.223,0.2682
11/11/10,0.2299,0.24,0.21,0.2231
10/11/10,0.2101,0.24,0.14,0.24
09/11/10,0.251,0.323,0.199,0.21
08/11/10,0.3459,0.37,0.2261,0.243
07/11/10,0.46999,0.46999,0.286,0.34
06/11/10,0.262,0.5,0.2402,0.39
05/11/10,0.2101,0.2639,0.2101,0.26
04/11/10,0.1988,0.23601,0.1934,0.23
03/11/10,0.1938,0.275,0.125,0.1931
02/11/10,0.192,0.195,0.1905,0.1938
01/11/10,0.1925,0.1955,0.172,0.1955
31/10/10,0.194,0.1989,0.171,0.1925
30/10/10,0.1876,0.199,0.1875,0.1989
29/10/10,0.1799,0.19,0.173,0.19
28/10/10,0.1845,0.191,0.1731,0.1731
27/10/10,0.151,0.19,0.151,0.1877
26/10/10,0.133,0.18,0.133,0.1503
25/10/10,0.09009,0.19,0.09009,0.132
24/10/10,0.108,0.19,0.108,0.11501
23/10/10,0.108,0.109,0.10449,0.1055
22/10/10,0.1015,0.10901,0.1015,0.1025
21/10/10,0.0972,0.109,0.097,0.107
20/10/10,0.1,0.103,0.094,0.099
19/10/10,0.1,0.1019,0.097,0.097
18/10/10,0.103,0.103,0.097,0.1024
17/10/10,0.102,0.1045,0.10001,0.102
16/10/10,0.1,0.103,0.1,0.101
15/10/10,0.1,0.119,0.092,0.105
14/10/10,0.1045,0.1045,0.065,0.102
13/10/10,0.092,0.105,0.092,0.105
12/10/10,0.094,0.099,0.082,0.0949
11/10/10,0.091,0.103,0.091,0.095
10/10/10,0.093,0.1301,0.07999,0.0965
09/10/10,0.08411,0.12001,0.068,0.0938
08/10/10,0.067,0.088,0.01,0.08685
07/10/10,0.06312,0.067,0.0628,0.067
06/10/10,0.06145,0.0635,0.0612,0.06281
05/10/10,0.06132,0.06301,0.0609,0.0614
04/10/10,0.06113,0.062,0.06081,0.0613
03/10/10,0.06139,0.0614,0.061,0.06111
02/10/10,0.06188,0.06191,0.06125,0.0614
01/10/10,0.06189,0.062,0.06189,0.06197
30/09/10,0.06174,0.0619,0.06155,0.0619
29/09/10,0.062,0.062,0.0615,0.06191
28/09/10,0.06196,0.06271,0.0617,0.0619
27/09/10,0.06205,0.06228,0.0619,0.0622
26/09/10,0.06204,0.06228,0.06186,0.062
25/09/10,0.06222,0.0624,0.0617,0.06202
24/09/10,0.06209,0.0624,0.06209,0.0622
23/09/10,0.0621,0.063,0.0615,0.06231
22/09/10,0.0624,0.0624,0.06147,0.0622
21/09/10,0.06309,0.0633,0.0623,0.06265
20/09/10,0.0621,0.0634,0.062,0.0621
19/09/10,0.06091,0.0627,0.06,0.0627
18/09/10,0.059,0.061,0.05761,0.061
17/09/10,0.06089,0.0609,0.059,0.059
16/09/10,0.0618,0.0619,0.0618,0.0619
15/09/10,0.0625,0.0625,0.0604,0.0604
14/09/10,0.062,0.175,0.061,0.06199
13/09/10,0.06199,0.064,0.0607,0.06219
12/09/10,0.0621,0.0621,0.0615,0.0615
11/09/10,0.0619,0.065,0.0619,0.06366
10/09/10,0.061,0.0618,0.06014,0.0618
09/09/10,0.0611,0.0624,0.06109,0.06111
08/09/10,0.061,0.062,0.06099,0.062
07/09/10,0.0616,0.06201,0.0603,0.061
06/09/10,0.0627,0.0627,0.0616,0.0616
05/09/10,0.06245,0.064,0.0605,0.0616
04/09/10,0.06125,0.06238,0.0612,0.06238
03/09/10,0.061,0.063,0.06085,0.06085
02/09/10,0.061,0.0634,0.0601,0.0634
01/09/10,0.062,0.0629,0.05961,0.0629
31/08/10,0.06411,0.0649,0.06,0.06
30/08/10,0.0646,0.069,0.03211,0.06497
29/08/10,0.0647,0.0648,0.064,0.064
28/08/10,0.065,0.065,0.0641,0.0641
27/08/10,0.064,0.065,0.063,0.065
26/08/10,0.06482,0.0658,0.064,0.064
25/08/10,0.06499,0.0665,0.0641,0.0648
24/08/10,0.06491,0.0665,0.06491,0.065
23/08/10,0.066,0.06689,0.063,0.06491
22/08/10,0.065,0.0664,0.0612,0.066
21/08/10,0.0655,0.0669,0.0644,0.0664
20/08/10,0.0667,0.0667,0.065,0.0655
19/08/10,0.0679,0.0679,0.0667,0.0667
18/08/10,0.06999,0.0733,0.067,0.068
17/08/10,0.0655,0.0769,0.06243,0.07
16/08/10,0.06319,0.0679,0.062,0.0655
15/08/10,0.067,0.067,0.065,0.06529
14/08/10,0.0655,0.0695,0.0645,0.067
13/08/10,0.0665,0.068,0.0645,0.0645
12/08/10,0.068,0.07,0.06141,0.07
11/08/10,0.06,0.07541,0.06,0.067
10/08/10,0.068,0.0709,0.06651,0.07
09/08/10,0.06091,0.0735,0.0593,0.071
08/08/10,0.059,0.061,0.059,0.0609
07/08/10,0.0608,0.0622,0.059,0.059
06/08/10,0.062,0.0624,0.0607,0.0623
05/08/10,0.0581,0.061,0.058,0.061
04/08/10,0.06229,0.06231,0.057,0.057
03/08/10,0.06,0.065,0.059,0.06
02/08/10,0.0627,0.0633,0.06,0.06
01/08/10,0.061,0.065,0.06,0.0611
31/07/10,0.065,0.06889,0.056,0.06785
30/07/10,0.0698,0.0698,0.0582,0.0627
29/07/10,0.0597,0.0699,0.0571,0.0699
28/07/10,0.06,0.062,0.054,0.0589
27/07/10,0.053,0.0605,0.053,0.06
26/07/10,0.05,0.056,0.05,0.056
25/07/10,0.05545,0.05941,0.0505,0.0505
24/07/10,0.06161,0.06161,0.05049,0.05454
23/07/10,0.0505,0.06767,0.0505,0.06262
22/07/10,0.07921,0.08181,0.0505,0.0505
21/07/10,0.07425,0.07921,0.06634,0.07921
20/07/10,0.08181,0.08181,0.07426,0.07474
19/07/10,0.0909,0.09307,0.07723,0.0808
18/07/10,0.05941,0.08585,0.05941,0.08584
17/07/10,0.04951,0.04951,0.04951,0.04951